timestamp,team,user,query_name,latency_ms,rows_returned,error
2026-02-23T04:03:12.986650,TeamX,StudentName,Q3: Compare Performance Metrics across Papers,0,0,250001 (08001): Failed to connect to DB: SFEDU02-DCB73175.snowflakecomputing.com:443. TOTP Invalid. You have 4 attempts remaining before the user will be blocked from using authenticator apps for a few minutes.
2026-02-23T04:05:43.127240,TeamX,StudentName,Q3: Compare Performance Metrics across Papers,0,0,name 'mfa_passcode' is not defined
2026-02-23T04:07:45.630199,TeamX,StudentName,Q3: Compare Performance Metrics across Papers,1254,15,
2026-02-23T22:02:47.296085,TeamX,StudentName,Q1: Average Chunk Length and Total Chunks per Document,0,0,250001 (08001): Failed to connect to DB: SFEDU02-DCB73175.snowflakecomputing.com:443. TOTP Invalid. You have 4 attempts remaining before the user will be blocked from using authenticator apps for a few minutes.
2026-02-23T22:03:14.117349,TeamX,StudentName,Q1: Average Chunk Length and Total Chunks per Document,1421,15,
2026-02-23T22:03:50.942338,TeamX,StudentName,Q2: Chunk Density per Page across Documents,637,50,
2026-02-23T22:04:15.702551,TeamX,StudentName,Q3: Short Chunks (Likely Noise or Headers) by Document,560,9,
2026-02-25T00:54:16.068181,TeamX,StudentName,Q1: Average Chunk Length and Total Chunks per Document,1425,15,
2026-02-25T01:01:40.839501,TeamX,StudentName,Q2: Chunk Density per Page across Documents,3071,10,
2026-02-25T01:02:07.856965,TeamX,StudentName,Q2: Chunk Density per Page across Documents,308,65,
2026-02-25T01:02:38.685856,TeamX,StudentName,Q1: Average Chunk Length and Total Chunks per Document,930,15,
2026-02-25T01:03:20.765370,TeamX,StudentName,Q3: Short Chunks (Likely Noise or Headers) by Document,807,9,
2026-02-25T03:25:22.315199,TeamX,StudentName,Q2: Chunk Density per Page across Documents,1309,50,
2026-02-25T03:31:44.651896,TeamX,StudentName,Q1: Average Chunk Length and Total Chunks per Document,1159,10,
2026-02-25T03:32:56.092855,TeamX,StudentName,Q2: Chunk Density per Page across Documents,1028,70,
2026-02-25T03:33:39.338433,TeamX,StudentName,Q3: Short Chunks (Likely Noise or Headers) by Document,617,9,
2026-02-25T03:37:18.257996,TeamX,StudentName,Q1: Average Chunk Length and Total Chunks per Document,162,10,
2026-02-25T03:37:57.052465,TeamX,StudentName,Q2: Chunk Density per Page across Documents,1647,74,
2026-02-25T03:38:24.143426,TeamX,StudentName,Q3: Short Chunks (Likely Noise or Headers) by Document,248,9,
2026-02-25T03:41:50.677816,TeamX,StudentName,Q1: Average Chunk Length and Total Chunks per Document,1147,15,
2026-02-25T03:42:24.665975,TeamX,StudentName,Q2: Chunk Density per Page across Documents,494,56,
2026-02-25T03:43:12.907928,TeamX,StudentName,Q3: Short Chunks (Likely Noise or Headers) by Document,707,9,
2026-02-25T05:19:25.819690,TeamX,StudentName,Q2: Chunk Density per Page across Documents,1151,10,
